[
  {
    "docId": "user::demo@example.com",
    "surname": "Yen",
    "givenName": "Steve",
    "jobTitle": "Founder",
    "department": "Engineering",
    "teams": [
      "AL",
      "AK",
      "AZ",
      "AR",
      "CA",
      "CO",
      "CA",
      "FL",
      "GA",
      "HI",
      "ID",
      "IL",
      "IN",
      "IA",
      "KS",
      "KY",
      "LA",
      "ME",
      "MD",
      "MA",
      "MI",
      "MN",
      "MS",
      "MO",
      "MT",
      "NE",
      "NV",
      "NH",
      "NJ",
      "NM",
      "NY",
      "NC",
      "ND",
      "OH",
      "OK",
      "OR",
      "PA",
      "PR",
      "RI",
      "SC",
      "SD",
      "TN",
      "TX",
      "UT",
      "VT",
      "VA",
      "WA",
      "WV",
      "WI",
      "WY"
    ],
    "email": "demo@example.com",
    "isActive": true
  },
  {
    "docId": "user::demo1@example.com",
    "surname": "Wilson",
    "givenName": "Joyce",
    "jobTitle": "Accountant I",
    "department": "Accounting",
    "teams": ["AZ", "CA", "HI", "NV"],
    "email": "demo1@example.com",
    "isActive": true
  },
  {
    "docId": "user::demo2@example.com",
    "surname": "Smith",
    "givenName": "Ruth",
    "jobTitle": "Accountant I",
    "department": "Accounting",
    "teams": ["AZ", "CA", "HI", "NV"],
    "email": "demo2@example.com",
    "isActive": true
  },
  {
    "docId": "user::demo3@example.com",
    "surname": "Groves",
    "givenName": "Dhiraj",
    "jobTitle": "Accountant I",
    "department": "Accounting",
    "teams": ["AR", "LA", "NM", "OK", "TX"],
    "email": "demo3@example.com",
    "isActive": true
  },
  {
    "docId": "user::demo4@example.com",
    "surname": "Moore",
    "givenName": "Denis",
    "jobTitle": "Accountant I",
    "department": "Accounting",
    "teams": ["AR", "LA", "NM", "OK", "TX"],
    "email": "demo4@example.com",
    "isActive": true
  },
  {
    "docId": "user::demo5@example.com",
    "surname": "Nair",
    "givenName": "Brett",
    "jobTitle": "Accountant I",
    "department": "Accounting",
    "teams": ["AL", "FL", "MS"],
    "email": "demo5@example.com",
    "isActive": true
  },
  {
    "docId": "user::demo6@example.com",
    "surname": "Anderson",
    "givenName": "Aayush",
    "jobTitle": "Accountant II",
    "department": "Accounting",
    "teams": ["AL", "FL", "MS"],
    "email": "demo6@example.com",
    "isActive": true
  },
  {
    "docId": "user::demo7@example.com",
    "surname": "Ghosh",
    "givenName": "Guadalupe",
    "jobTitle": "Accountant I",
    "department": "Accounting",
    "teams": ["CT", "MA", "ME", "NH", "NJ", "NY", "RI", "VT"],
    "email": "demo7@example.com",
    "isActive": true
  },
  {
    "docId": "user::demo8@example.com",
    "surname": "McDonough",
    "givenName": "Elena",
    "jobTitle": "Sr Accountant",
    "department": "Accounting",
    "teams": ["CT", "MA", "ME", "NH", "NJ", "NY", "RI", "VT"],
    "email": "demo8@example.com",
    "isActive": true
  },
  {
    "docId": "user::demo9@example.com",
    "surname": "Cain",
    "givenName": "David",
    "jobTitle": "Sr Accountant",
    "department": "Accounting",
    "teams": ["IA", "IL", "IN", "MN", "WI"],
    "email": "demo9@example.com",
    "isActive": true
  },
  {
    "docId": "user::demo10@example.com",
    "surname": "Shree",
    "givenName": "Donald",
    "jobTitle": "Accountant II",
    "department": "Accounting",
    "teams": ["IA", "IL", "IN", "MN", "WI"],
    "email": "demo10@example.com",
    "isActive": true
  },
  {
    "docId": "user::demo11@example.com",
    "surname": "Smith",
    "givenName": "Patricia",
    "jobTitle": "Accountant I",
    "department": "Accounting",
    "teams": ["GA", "NC", "SC"],
    "email": "demo11@example.com",
    "isActive": true
  },
  {
    "docId": "user::demo12@example.com",
    "surname": "Suravarjjala",
    "givenName": "Carlos",
    "jobTitle": "Accountant I",
    "department": "Accounting",
    "teams": ["GA", "NC", "SC"],
    "email": "demo12@example.com",
    "isActive": true
  },
  {
    "docId": "user::demo13@example.com",
    "surname": "Irish",
    "givenName": "Matt",
    "jobTitle": "Accountant I",
    "department": "Accounting",
    "teams": ["AK", "ID", "OR", "WA"],
    "email": "demo13@example.com",
    "isActive": true
  },
  {
    "docId": "user::demo14@example.com",
    "surname": "Wilson",
    "givenName": "Brian",
    "jobTitle": "Accountant I",
    "department": "Accounting",
    "teams": ["AK", "ID", "OR", "WA"],
    "email": "demo14@example.com",
    "isActive": true
  },
  {
    "docId": "user::demo15@example.com",
    "surname": "Hall",
    "givenName": "Jamal",
    "jobTitle": "Accountant II",
    "department": "Accounting",
    "teams": ["CO", "MT", "UT", "WY"],
    "email": "demo15@example.com",
    "isActive": true
  },
  {
    "docId": "user::demo16@example.com",
    "surname": "Barmin",
    "givenName": "Juan",
    "jobTitle": "Sr Accountant",
    "department": "Accounting",
    "teams": ["CO", "MT", "UT", "WY"],
    "email": "demo16@example.com",
    "isActive": true
  },
  {
    "docId": "user::demo17@example.com",
    "surname": "Hernandez",
    "givenName": "Aaliyah",
    "jobTitle": "Sr Accountant",
    "department": "Accounting",
    "teams": ["DC", "DE", "MD", "PA", "VA", "WV"],
    "email": "demo17@example.com",
    "isActive": true
  },
  {
    "docId": "user::demo18@example.com",
    "surname": "Ingenthron",
    "givenName": "Ana",
    "jobTitle": "Sr Accountant",
    "department": "Accounting",
    "teams": ["DC", "DE", "MD", "PA", "VA", "WV"],
    "email": "demo18@example.com",
    "isActive": true
  },
  {
    "docId": "user::demo19@example.com",
    "surname": "Smith",
    "givenName": "Aisha",
    "jobTitle": "Sr Accountant",
    "department": "Accounting",
    "teams": ["MI", "OH"],
    "email": "demo19@example.com",
    "isActive": true
  },
  {
    "docId": "user::demo20@example.com",
    "surname": "Butler",
    "givenName": "Sofeda",
    "jobTitle": "Sr Accountant",
    "department": "Accounting",
    "teams": ["MI", "OH"],
    "email": "demo20@example.com",
    "isActive": true
  },
  {
    "docId": "user::demo21@example.com",
    "surname": "Johnson",
    "givenName": "Elena",
    "jobTitle": "Sr Accountant",
    "department": "Accounting",
    "teams": ["KS", "ND", "NE", "SD"],
    "email": "demo21@example.com",
    "isActive": true
  },
  {
    "docId": "user::demo22@example.com",
    "surname": "Kaur",
    "givenName": "Gloria",
    "jobTitle": "Accountant I",
    "department": "Accounting",
    "teams": ["KS", "ND", "NE", "SD"],
    "email": "demo22@example.com",
    "isActive": true
  },
  {
    "docId": "user::demo23@example.com",
    "surname": "Sauve",
    "givenName": "Valeria",
    "jobTitle": "Accountant I",
    "department": "Accounting",
    "teams": ["KY", "MO", "TN"],
    "email": "demo23@example.com",
    "isActive": true
  },
  {
    "docId": "user::demo24@example.com",
    "surname": "Rodriguez",
    "givenName": "Mareda",
    "jobTitle": "Accountant II",
    "department": "Accounting",
    "teams": ["KY", "MO", "TN"],
    "email": "demo24@example.com",
    "isActive": true
  }
]
