[
    {
        "name": "Santa Clara Warehouse Audit",
        "modifiedOn": "2024-07-03T10:55:09.767110Z",
        "createdBy": "demo@example.com",
        "dueDate": "2024-10-24T10:55:09.767085Z",
        "description": "Quarterly audit for the Santa Clara Warehouse due on 2024-10-24",
        "warehouseId": "e1839e0b-57a0-472c-b29d-8d57e256ef32",
        "modifiedBy": "demo@example.com",
        "teams": [
            "AZ",
            "CA",
            "HI",
            "NV"
        ],
        "createdOn": "2024-07-03T10:55:09.767112Z",
        "projectId": "64a6da10-aab3-4ed2-9788-6cb4b81198ef",
        "isActive": true,
        "isComplete": false
    },
    {
        "name": "Houston Warehouse Audit",
        "modifiedOn": "2024-07-03T10:55:09.767138Z",
        "createdBy": "demo@example.com",
        "dueDate": "2024-12-06T10:55:09.767129Z",
        "description": "Quarterly audit for the Houston Warehouse due on 2024-12-06",
        "warehouseId": "cd7a3e29-0d50-4dee-8ca3-fd1bb43c2f6f",
        "modifiedBy": "demo@example.com",
        "teams": [
            "AR",
            "LA",
            "NM",
            "OK",
            "TX"
        ],
        "createdOn": "2024-07-03T10:55:09.767140Z",
        "projectId": "47e26598-9bbc-41c0-9d09-c195e3a22ff9",
        "isActive": true,
        "isComplete": false
    },
    {
        "name": "Jacksonville Warehouse Audit",
        "modifiedOn": "2024-07-03T10:55:09.767154Z",
        "createdBy": "demo@example.com",
        "dueDate": "2025-03-20T10:55:09.767148Z",
        "description": "Quarterly audit for the Jacksonville Warehouse due on 2025-03-20",
        "warehouseId": "73c56048-2a67-4ae6-aaa7-12ff3f94eb8f",
        "modifiedBy": "demo@example.com",
        "teams": [
            "AL",
            "FL",
            "MS"
        ],
        "createdOn": "2024-07-03T10:55:09.767156Z",
        "projectId": "f0a0c17a-44b0-4794-b1bc-16626352bddb",
        "isActive": true,
        "isComplete": false
    },
    {
        "name": "New York City Warehouse Audit",
        "modifiedOn": "2024-07-03T10:55:09.767168Z",
        "createdBy": "demo@example.com",
        "dueDate": "2025-02-04T10:55:09.767161Z",
        "description": "Quarterly audit for the New York City Warehouse due on 2025-02-04",
        "warehouseId": "5a7ea984-bd9c-4eb5-a7b1-12c90f3d27c2",
        "modifiedBy": "demo@example.com",
        "teams": [
            "CT",
            "MA",
            "ME",
            "NH",
            "NJ",
            "NY",
            "RI",
            "VT"
        ],
        "createdOn": "2024-07-03T10:55:09.767170Z",
        "projectId": "f526e7a9-6203-48f6-bc9a-45ade49a92b2",
        "isActive": true,
        "isComplete": false
    },
    {
        "name": "Chicago Warehouse Audit",
        "modifiedOn": "2024-07-03T10:55:09.767180Z",
        "createdBy": "demo@example.com",
        "dueDate": "2025-03-01T10:55:09.767175Z",
        "description": "Quarterly audit for the Chicago Warehouse due on 2025-03-01",
        "warehouseId": "711fc3c9-2124-406f-a2a1-e64230584a65",
        "modifiedBy": "demo@example.com",
        "teams": [
            "IA",
            "IL",
            "IN",
            "MN",
            "WI"
        ],
        "createdOn": "2024-07-03T10:55:09.767181Z",
        "projectId": "2c9c20e3-d673-4df2-94fd-ef5db631a0e4",
        "isActive": true,
        "isComplete": false
    },
    {
        "name": "Atlanta Warehouse Audit",
        "modifiedOn": "2024-07-03T10:55:09.767190Z",
        "createdBy": "demo@example.com",
        "dueDate": "2024-12-30T10:55:09.767185Z",
        "description": "Quarterly audit for the Atlanta Warehouse due on 2024-12-30",
        "warehouseId": "db5f8bdc-10e2-4655-9b11-17697f485033",
        "modifiedBy": "demo@example.com",
        "teams": [
            "GA",
            "NC",
            "SC"
        ],
        "createdOn": "2024-07-03T10:55:09.767191Z",
        "projectId": "64297c41-622e-43af-bd44-48bc8fbdc1ab",
        "isActive": true,
        "isComplete": false
    },
    {
        "name": "Seattle Warehouse Audit",
        "modifiedOn": "2024-07-03T10:55:09.767199Z",
        "createdBy": "demo@example.com",
        "dueDate": "2025-05-23T10:55:09.767195Z",
        "description": "Quarterly audit for the Seattle Warehouse due on 2025-05-23",
        "warehouseId": "f650bba6-8ad4-40a9-a86e-e9c19b43ad96",
        "modifiedBy": "demo@example.com",
        "teams": [
            "AK",
            "ID",
            "OR",
            "WA"
        ],
        "createdOn": "2024-07-03T10:55:09.767201Z",
        "projectId": "c45e0e7b-787a-46ba-b966-bde5d54f4fc5",
        "isActive": true,
        "isComplete": false
    },
    {
        "name": "Denver Warehouse Audit",
        "modifiedOn": "2024-07-03T10:55:09.767208Z",
        "createdBy": "demo@example.com",
        "dueDate": "2025-06-08T10:55:09.767204Z",
        "description": "Quarterly audit for the Denver Warehouse due on 2025-06-08",
        "warehouseId": "d7890874-f4ce-4f35-9cd0-bb1b3d35721b",
        "modifiedBy": "demo@example.com",
        "teams": [
            "CO",
            "MT",
            "UT",
            "WY"
        ],
        "createdOn": "2024-07-03T10:55:09.767210Z",
        "projectId": "2433cd7a-d469-4182-b436-1fa7093cb0af",
        "isActive": true,
        "isComplete": false
    },
    {
        "name": "Philadelphia Warehouse Audit",
        "modifiedOn": "2024-07-03T10:55:09.767218Z",
        "createdBy": "demo@example.com",
        "dueDate": "2024-11-05T10:55:09.767214Z",
        "description": "Quarterly audit for the Philadelphia Warehouse due on 2024-11-05",
        "warehouseId": "4d0d7c69-a380-4db1-941c-8f4348aa62e8",
        "modifiedBy": "demo@example.com",
        "teams": [
            "DC",
            "DE",
            "MD",
            "PA",
            "VA",
            "WV"
        ],
        "createdOn": "2024-07-03T10:55:09.767219Z",
        "projectId": "9ff5e7e1-5b1f-42bd-bc35-9866fc9a8eb0",
        "isActive": true,
        "isComplete": false
    },
    {
        "name": "Detroit Warehouse Audit",
        "modifiedOn": "2024-07-03T10:55:09.767227Z",
        "createdBy": "demo@example.com",
        "dueDate": "2024-12-10T10:55:09.767223Z",
        "description": "Quarterly audit for the Detroit Warehouse due on 2024-12-10",
        "warehouseId": "073ab6ef-27c7-4176-ae53-5cf27ac5fd0e",
        "modifiedBy": "demo@example.com",
        "teams": [
            "MI",
            "OH"
        ],
        "createdOn": "2024-07-03T10:55:09.767228Z",
        "projectId": "c5e5c869-01e6-423d-8964-77da854ec910",
        "isActive": true,
        "isComplete": false
    },
    {
        "name": "Kansas City Warehouse Audit",
        "modifiedOn": "2024-07-03T10:55:09.767236Z",
        "createdBy": "demo@example.com",
        "dueDate": "2025-01-19T10:55:09.767232Z",
        "description": "Quarterly audit for the Kansas City Warehouse due on 2025-01-19",
        "warehouseId": "c7187f89-a11d-44f8-9f00-2385cd1a22d6",
        "modifiedBy": "demo@example.com",
        "teams": [
            "KS",
            "ND",
            "NE",
            "SD"
        ],
        "createdOn": "2024-07-03T10:55:09.767238Z",
        "projectId": "fc65c979-3068-4de2-a05a-bee42294675c",
        "isActive": true,
        "isComplete": false
    },
    {
        "name": "Nashville Warehouse Audit",
        "modifiedOn": "2024-07-03T10:55:09.767246Z",
        "createdBy": "demo@example.com",
        "dueDate": "2025-03-20T10:55:09.767241Z",
        "description": "Quarterly audit for the Nashville Warehouse due on 2025-03-20",
        "warehouseId": "baedfbed-e5a5-4d2a-a3ad-f163ab2bb5f7",
        "modifiedBy": "demo@example.com",
        "teams": [
            "KY",
            "MO",
            "TN"
        ],
        "createdOn": "2024-07-03T10:55:09.767247Z",
        "projectId": "671afc0b-6a3c-4bfc-bd53-86d5fcc27ed9",
        "isActive": true,
        "isComplete": false
    }
]