[
  {
    "warehouseId": "e1839e0b-57a0-472c-b29d-8d57e256ef32",
    "name": "Santa Clara Warehouse",
    "address": "3250 Dr Olcott Street",
    "city": "Santa Clara",
    "state": "CA",
    "postalCode": "95054",
    "salesTax": 0.0913,
    "yearToDateBalance": 0.00,
    "latitude": 37.3541,
    "longitude": -121.9522,
    "shippingTo": ["AZ","CA","HI","NV"],
    "isActive": true
  },
  {
    "warehouseId": "cd7a3e29-0d50-4dee-8ca3-fd1bb43c2f6f",
    "name": "Houston Warehouse",
    "address": "1242 Great Place Street",
    "city": "Houston",
    "state": "TX",
    "postalCode": "77001",
    "salesTax": 0.0825,
    "yearToDateBalance": 0.00,
    "latitude": 29.749907,
    "longitude": -95.358421,
    "shippingTo": ["AR","LA","NM","OK","TX"],
    "isActive": true
  },
  {
    "warehouseId": "73c56048-2a67-4ae6-aaa7-12ff3f94eb8f",
    "name": "Jacksonville Warehouse",
    "address": "42 Knowledge Drive",
    "city": "Jacksonville",
    "state": "FL",
    "postalCode": "32034",
    "salesTax": 0.095,
    "yearToDateBalance": 0.00,
    "latitude": 30.332184,
    "longitude": -81.655647,
    "shippingTo": ["AL","FL","MS"],
    "isActive": true
  },
  {
    "warehouseId": "5a7ea984-bd9c-4eb5-a7b1-12c90f3d27c2",
    "name": "New York City Warehouse",
    "address": "129 West 81st Street",
    "address2": "#5a",
    "city": "New York",
    "state": "NY",
    "postalCode": "10024",
    "salesTax": 0.08875,
    "yearToDateBalance": 0.00,
    "latitude": 40.7838289,
    "longitude": -73.9753697,
    "shippingTo": ["CT","MA","ME","NH","NJ","NY","RI","VT"],
    "isActive": true
  },
  {
    "warehouseId": "711fc3c9-2124-406f-a2a1-e64230584a65",
    "name": "Chicago Warehouse",
    "address": "381523 Chow Ave",
    "city": "Chicago",
    "state": "IL",
    "postalCode": "60007",
    "salesTax": 0.1025,
    "yearToDateBalance": 0.00,
    "latitude": 41.881832,
    "longitude": -87.623177,
    "shippingTo": ["IA","IL","IN","MN","WI"],
    "isActive": true
  },
  {
    "warehouseId": "db5f8bdc-10e2-4655-9b11-17697f485033",
    "name": "Atlanta Warehouse",
    "address": "711225 Galy Drive",
    "city": "Atlanta",
    "state": "GA",
    "postalCode": "30301",
    "salesTax": 0.085,
    "yearToDateBalance": 0.00,
    "latitude": 33.753746,
    "longitude": -84.386330,
    "shippingTo": ["GA","NC","SC"],
    "isActive": true
  },
  {
    "warehouseId": "f650bba6-8ad4-40a9-a86e-e9c19b43ad96",
    "name": "Seattle Warehouse",
    "address": "15235 Owen Ave",
    "city": "Seattle ",
    "state": "WA",
    "postalCode": "98101",
    "salesTax": 0.1025,
    "yearToDateBalance": 0.00,
    "latitude": 47.608013,
    "longitude": -122.335167,
    "shippingTo": ["AK","ID","OR","WA"],
    "isActive": true
  },
  {
    "warehouseId": "d7890874-f4ce-4f35-9cd0-bb1b3d35721b",
    "name": "Denver Warehouse",
    "address": "12345 N Downing Ave",
    "city": "Denver",
    "state": "CO",
    "postalCode": "80014",
    "salesTax": 0.0925,
    "yearToDateBalance": 0.00,
    "latitude": 39.742043,
    "longitude": -104.991531,
    "shippingTo": ["CO","MT","UT","WY"],
    "isActive": true
  },
  {
    "warehouseId": "4d0d7c69-a380-4db1-941c-8f4348aa62e8",
    "name": "Philadelphia Warehouse",
    "address": "455 Cain Street",
    "city": "Philadelphia",
    "state": "PA",
    "postalCode": "19019",
    "salesTax": 0.080,
    "yearToDateBalance": 0.00,
    "latitude": 39.952583,
    "longitude": -75.165222,
    "shippingTo": ["DC","DE","MD","PA","VA","WV"],
    "isActive": true
  },
  {
    "warehouseId": "073ab6ef-27c7-4176-ae53-5cf27ac5fd0e",
    "name": "Detroit Warehouse",
    "address": "85141825 Henry Street",
    "city": "Detroit",
    "state": "MI",
    "postalCode": "48127",
    "salesTax": 0.060,
    "yearToDateBalance": 0.00,
    "latitude": 42.331429,
    "longitude": -83.045753,
    "shippingTo": ["MI","OH"],
    "isActive": true
  },
  {
    "warehouseId": "c7187f89-a11d-44f8-9f00-2385cd1a22d6",
    "name": "Kansas City Warehouse",
    "address": "10325 W 75th St",
    "city": "Kansas City",
    "state": "MO",
    "postalCode": "64030",
    "salesTax": 0.0886,
    "yearToDateBalance": 0.00,
    "latitude": 39.099724,
    "longitude": -94.578331,
    "shippingTo": ["KS","ND","NE","SD"],
    "isActive": true
  },
  {
    "warehouseId": "baedfbed-e5a5-4d2a-a3ad-f163ab2bb5f7",
    "name": "Nashville Warehouse",
    "address": "47 Dr Broadway Drive",
    "city": "Nashville ",
    "state": "TN",
    "postalCode": "37011",
    "salesTax": 0.0925,
    "yearToDateBalance": 0.00,
    "latitude": 36.174465,
    "longitude": -86.767960,
    "shippingTo": ["KY","MO","TN"],
    "isActive": true
  }
]
